name,count
Phillips West,
Downtown West,
Downtown East,
Ventura Village,
Sumner - Glenwood,
Shingle Creek,
Lind - Bohanon,
Webber - Camden,
Bottineau,
Victory,
Humboldt Industrial Area,
Howe,
Hiawatha,
Windom,
Ericsson,
Field,
Page,
Como (Minneapolis),
Cedar Riverside,
Prospect Park - East River Road,
University of Minnesota,
Jordan,
Hawthorne,
Willard - Hay,
Near - North,
Harrison,
Loring Park,
Steven's Square - Loring Heights,
Minnehaha,
Diamond Lake,
Cooper,
Tangletown,
North Loop,
Hale,
Keewaydin,
Fulton,
Lynnhurst,
Bancroft,
Standish,
Seward,
Longfellow,
Lowry Hill East,
ECCO,
CARAG,
East Phillips,
Cleveland,
Wenonah,
Holland,
Audubon Park,
Regina,
Northrop,
Sheridan,
Logan Park,
Windom Park,
Linden Hills,
East Harriet,
King Field,
Morris Park,
Mid - City Industrial,
Midtown Phillips,
West Calhoun,
Bryn - Mawr,
Northeast Park,
St. Anthony West,
St. Anthony East,
Central,
Powderhorn Park,
Corcoran,
Bryant,
Kenny,
Armatage,
Beltrami,
Cedar - Isles - Dean,
Kenwood,
Lowry Hill,
East Isles,
Elliot Park,
Nicollet Island - East Bank,
Marcy Holmes,
Folwell,
McKinley,
Camden Industrial,
Columbia Park,
Waite Park,
Marshall Terrace,
Whittier,
Lyndale,
